연도,사업,경제성 평가 비중,정책성 평가 비중,지역균형발전 비중,지역낙후도 평가 비중,B/C,AHP,시기
2005,당진 대산 간 고속도로 건설사업,0.600,0.265,0.135,0.078,0.560,0.647,개정1 이전
2005,국도42호선 확장사업,0.450,0.397,0.153,0.051,0.400,0.395,개정1 이전
2005,부산지하철 1호선 연장,0.513,0.227,0.159,0.036,0.930,0.502,개정1 이전
2005,국도4호선 군장대교 건설사업,0.563,0.316,0.121,0.067,1.930,0.789,개정1 이전
2005,국도82호선 확장사업,0.551,0.395,0.054,0.033,1.110,0.466,개정1 이전
2005,대전~논산 간 도로(벌곡길) 확장사업,0.650,0.290,0.060,0.012,0.575,0.443,개정1 이전
2005,삼동~창선 간 국도 확장사업,0.551,0.233,0.216,0.167,0.390,0.420,개정1 이전
2005,광양항 서측 배후단지 개발사업,0.498,0.299,0.203,0.046,1.470,0.710,개정1 이전
2005,소요산 분계선 철도 건설사업,0.490,0.392,0.118,0.075,1.000,0.431,개정1 이전
2005,서산 간척지 농업기간시설 재정비사업,0.583,0.373,0.044,0.024,1.100,0.687,개정1 이전
2005,그린바이오 첨단연구단지 조성사업,0.440,0.449,0.111,0.072,1.220,0.687,개정1 이전
2005,광역도로1 건설사업 화천,0.630,0.328,0.042,0.011,2.039,0.789,개정1 이전
2005,광역도로1 건설사업 천안,0.640,0.323,0.037,0.001,1.040,0.604,개정1 이전
2005,탕정지방산간 진입도로 건설사업,0.561,0.344,0.095,0.035,1.300,0.724,개정1 이전
2005,호남선 선형개량사업,0.490,0.257,0.253,0.031,0.585,0.488,개정1 이전
2005,소사~대곡 복선전철 건설 사업,0.492,0.462,0.046,0.017,0.800,0.501,개정1 이전
2005,대구지하철 2호선 경산연장사업,0.550,0.360,0.090,0.029,1.080,0.597,개정1 이전
2005,군산항 제2준설토 투기장 가호안 축조사업,0.559,0.365,0.076,0.044,2.030,0.776,개정1 이전
2005,목감천 지하방수로 건설사업,0.490,0.390,0.120,0.000,4.900,0.500,개정1 이전
2005,춘천 철원 간 고속도로 건설사업,0.650,0.270,0.080,0.040,0.420,0.450,개정1 이전
2006,재활전문산재병원 건립사업,0.416,0.584,0.036,0.008,1.080,0.683,개정1 이전
2006,국도77호선(염산~백수) 건설사업,0.845,0.308,0.207,0.138,1.450,0.687,개정1
2006,동부간선도로 확장사업,0.486,0.325,0.188,0.126,1.330,0.639,개정1
2006,여월택지 남부순환도로 간 도로건설사업,0.476,0.334,0.190,0.126,1.560,0.573,개정1
2006,순천~여수 복선전철화 건설사업,0.434,0.333,0.233,0.155,0.720,0.522,개정1
2006,국도2호선 건설사업,0.451,0.307,0.242,0.162,0.450,0.442,개정1
2006,서해안고속도로 확장사업,0.487,0.316,0.197,0.132,1.400,0.623,개정1
2006,석도 소사 및 성주동 석동 간 도로개설사업,0.464,0.340,0.195,0.130,1.672,0.653,개정1
2006,국도77호선 여수 남해 건설사업,0.450,0.316,0.233,0.155,0.108,0.312,개정1
2006,국도79호선 북면 부곡 확장사업,0.484,0.274,0.242,0.161,0.613,0.322,개정1
2006,국도5호선 춘천 화천 확장사업,0.459,0.299,0.242,0.162,0.600,0.529,개정1
2006,부산신항 웅동지구 배후부지 조성사업,0.484,0.352,0.164,0.109,2.110,0.730,개정1
2006,산악지 철도 개량 사업1,0.469,0.309,0.223,0.149,0.530,0.479,개정1
2006,산악지 철도 개량 사업2,0.470,0.317,0.213,0.142,0.470,0.452,개정1
2006,애월항 외항 개발사업,0.450,0.335,0.214,0.143,0.300,0.413,개정1
2006,DRY DOCK 신축사업,0.493,0.342,0.166,0.110,16.210,0.768,개정1
2006,국도 28 7호선 포항흥해 우회도로 건설사업,0.450,0.300,0.250,0.167,0.170,0.329,개정1
2006,장항선 복선전철화사업,0.459,0.326,0.215,0.143,0.630,0.488,개정1
2006,대도시권 교통혼잡로 하남산단 개선사업,0.486,0.334,0.180,0.120,0.975,0.527,개정1
2006,대도시권 교통혼잡로 유등천 개선사업,0.496,0.291,0.213,0.142,0.400,0.307,개정1
2006,간월호 관광도로 개설사업,0.436,0.329,0.235,0.157,0.700,0.343,개정1
2006,노량진수산물도매시장 현대화 사업,0.484,0.352,0.164,0.109,1.000,0.568,개정1
2006,부산 북항대교 및 천마터널 지원사업,0.484,0.326,0.190,0.126,1.050,0.468,개정1
2006,대도시권 교통혼잡로 계백로 개선사업,0.487,0.299,0.213,0.142,1.210,0.592,개정1
2006,중규모 용수개발 사업,0.495,0.307,0.197,0.132,0.930,0.568,개정1
2006,영산강 강변도로 개설사업,0.425,0.342,0.233,0.155,0.600,0.515,개정1
2006,서해안고속도로 확장사업,0.494,0.316,0.190,0.126,2.210,0.702,개정1
2006,대도시권 교통혼잡로 옥동 농소 개선사업,0.493,0.333,0.174,0.116,0.954,0.507,개정1
2006,국지도 55호선 건설사업,0.467,0.333,0.200,0.134,0.570,0.352,개정1
2006,공주 청원 간 고속도로 건설사업,0.493,0.325,0.182,0.122,1.010,0.590,개정1
2006,오송역 ~ 세종 간 광역교통시설 사업,0.485,0.343,0.172,0.115,0.037,0.597,개정1
2006,대도시권 교통혼잡로 울산산단 개선사업,0.485,0.343,0.172,0.115,1.210,0.629,개정1
2006,대도시권 교통혼잡로 대구 포항 개선사업,0.487,0.308,0.205,0.137,1.520,0.669,개정1
2006,감일 초이 광역도로 건설사업,0.492,0.308,0.200,0.133,1.480,0.666,개정1
2006,국도42호선 합천 창녕 확장사업,0.468,0.326,0.206,0.138,0.430,0.439,개정1
2006,국도77호선 연도교 건설사업,0.468,0.300,0.233,0.155,0.590,0.479,개정1
2006,대전 도시철도 2호선 건설사업,0.492,0.317,0.191,0.127,0.732,0.312,개정1
2006,국립해양박물관 건립사업,0.492,0.350,0.158,0.105,1.400,0.640,개정1
2006,재주공립해양과학관 건립사업,0.492,0.350,0.158,0.105,0.498,0.120,개정1
2006,광주국립종합과학관 건설사업,0.467,0.333,0.200,0.134,0.570,0.352,개정1
2006,내포 보부상촌 조성사업,0.478,0.300,0.222,0.148,0.620,0.353,개정1
2006,대구 국립종합과학관 건립사업,0.477,0.324,0.199,0.133,0.600,0.402,개정1
2006,전남 여수공립해양과학관 건립사업,0.459,0.353,0.188,0.125,1.520,0.619,개정1
2006,해안선일주 자전거도로 활성화 사업,0.468,0.335,0.197,0.069,0.097,0.237,개정1
2006,평택 당진항 부두 및 터미널 건설사업,0.476,0.342,0.182,0.121,0.394,0.317,개정1
2007,인덕원 병점 전철 건설사업,0.500,0.283,0.217,0.145,0.310,0.257,개정1
2007,대도시권 교통혼잡로 광주북부 개선사업,0.494,0.308,0.199,0.133,1.410,0.626,개정1
2007,보령 조치원 복선전철 건설사업,0.479,0.307,0.213,0.142,0.390,0.413,개정1
2007,대덕테크노밸리 진입도로 건설사업,0.489,0.330,0.181,0.120,1.190,0.596,개정1
2007,용문 홍천 단선전철 건설사업,0.467,0.299,0.234,0.156,0.400,0.367,개정1
2007,첨단치료센터 설립사업,0.495,0.308,0.197,0.131,0.380,0.340,개정1
2007,세종 외삼동 연결도로 확장사업,0.484,0.291,0.225,0.150,1.280,0.666,개정1
2007,평택호 횡단도로 건설사업,0.450,0.335,0.215,0.143,1.314,0.318,개정1
2007,대도시권 교통혼잡도로 개선사업 식만 사상,0.493,0.325,0.182,0.122,0.920,0.466,개정1
2007,가양대교 북단 연결도로 건설사업,0.467,0.333,0.200,0.134,0.900,0.451,개정1
2007,광주순환고속도로 건설사업,0.486,0.312,0.202,0.135,1.050,0.543,개정1
2007,국도19호선 확장사업,0.484,0.274,0.242,0.161,0.235,0.427,개정1
2007,국도6호선 확장사업,0.476,0.283,0.241,0.161,0.350,0.408,개정1
2007,울산 산단 진입도로 건설사업,0.433,0.334,0.233,0.155,1.680,0.654,개정1
2007,국도75호선 건설사업,0.467,0.301,0.233,0.155,1.470,0.676,개정1
2007,대구 순환 고속도로 건설사업,0.485,0.316,0.199,0.133,1.140,0.584,개정1
2007,대도디권 교통혼잡도로 개선사업 대전갑천,0.484,0.317,0.199,0.133,0.370,0.326,개정1
2007,중부내륙고속도로 영산 현풍 확장사업,0.453,0.332,0.215,0.147,0.910,0.537,개정1
2007,대도시권 교통혼잡도로 개선사업 광주 건설사업,0.485,0.334,0.181,0.121,1.070,0.568,개정1
2007,서해안고속도로 확장사업 당진 홍천,0.476,0.308,0.216,0.144,1.170,0.637,개정1
2007,국도23호선 확장사업,0.482,0.285,0.233,0.155,0.104,0.388,개정1
2007,백싡비구 중규모 농촌 용수개발사업,0.481,0.334,0.185,0.123,1.004,0.548,개정1
2007,경부고속도로 남이 천안 확장사업,0.500,0.309,0.191,0.127,1.540,0.672,개정1
2007,대구전시컨벤션센터 확장사업,0.476,0.342,0.182,0.121,1.010,0.526,개정1
2007,울산 항만배후도로 개설 및 확장사업,0.433,0.334,0.233,0.155,1.618,0.654,개정1
2007,국도77호선 안정 당동 확장사업,0.459,0.308,0.233,0.155,0.490,0.481,개정1
2007,인천보훈병원 건립사업,0.484,0.325,0.191,0.072,0.250,0.277,개정1
2007,국도77호선 건설사업,0.492,0.308,0.200,0.133,0.174,0.336,개정1
2007,예산 야목 복선전철 건설사업,0.459,0.334,0.207,0.138,0.950,0.539,개정1
2007,부산북항 재개발 사업,0.492,0.350,0.158,0.105,2.390,0.502,개정1
2007,부산신항 남측컨테이너터미널 조성사업,0.493,0.333,0.174,0.116,0.680,0.422,개정1
2007,국도5호선 확장사업,0.425,0.342,0.233,0.155,0.620,0.529,개정1
2007,세종 광역교통시설 건설사업,0.433,0.334,0.233,0.155,1.680,0.654,개정1
2007,세종 광역교통시설 건설사업2,0.477,0.309,0.215,0.143,1.340,0.651,개정1
2007,세종 광역교통시설 건설사업3,0.486,0.317,0.197,0.132,1.370,0.701,개정1
2007,세종 광역교통시설 건설사업4,0.450,0.334,0.216,0.144,0.900,0.505,개정1
2007,세종 광역교통시설 건설사업5,0.459,0.325,0.216,0.144,1.130,0.627,개정1
2007,세종 광역교통시설 건설사업6,0.494,0.308,0.199,0.133,1.370,0.603,개정1
2007,세종 광역교통시설 건설사업7,0.494,0.308,0.199,0.133,0.534,0.368,개정1
2007,세종 광역교통시설 건설사업8,0.477,0.317,0.207,0.138,0.846,0.451,개정1
2007,국립중앙도서관 부산분관 건립,0.459,0.335,0.207,0.138,0.810,0.324,개정1
2008,보현댐 건설사업,0.433,0.344,0.233,0.155,1.270,0.698,개정1
2008,경부고속도로 남이 비룡 확장사업,0.486,0.317,0.197,0.132,1.240,0.633,개정1
2008,평택 당진항 국제카페리부두 건설사업,0.477,0.335,0.188,0.125,0.960,0.518,개정1
2008,국도7호선(동해~옥계) 확장사업,0.451,0.316,0.233,0.156,0.710,0.501,개정1
2008,국도23호선(장흥~대덕) 확장사업,0.467,0.300,0.233,0.155,0.060,0.434,개정1
2008,디지털방송콘텐츠제작센터 건립사업,0.488,0.358,0.153,0.102,0.760,0.397,개정1
2008,국도43호선(의정부~소흘) 확장사업,0.501,0.283,0.216,0.144,1.160,0.652,개정1
2008,대구테크노폴리스 진입도로 건설사업,0.468,0.316,0.217,0.144,1.198,0.602,개정1
2008,율촌자유무역지역 확대사업,0.476,0.334,0.190,0.126,0.892,0.462,개정1
2008,울산 자유무역지역지정사업,0.476,0.343,0.181,0.121,1.500,0.656,개정1
2008,삼산연륙교 건설사업,0.450,0.335,0.215,0.143,0.856,0.531,개정1
2008,친환경농산물 종합물류센터 건립사업,0.475,0.317,0.208,0.139,0.440,0.336,개정1
2008,국도20호선(산청 단성~시천) 확장사업,0.467,0.309,0.224,0.149,0.700,0.528,개정1
2008,행정도시 종합도서관 건립사업,0.459,0.342,0.199,0.132,1.010,0.560,개정1
2008,마산자유무역지역 확대사업,0.475,0.317,0.208,0.139,1.150,0.604,개정1
2008,내포 보부상촌 조성사업,0.478,0.317,0.205,0.137,1.400,0.675,개정1
2008,제주해군기지 크루즈선박 공동활용,0.484,0.325,0.191,0.127,1.410,0.683,개정1
2008,김제 자유무역지역 지정사업,0.466,0.313,0.220,0.147,1.620,0.728,개정1
2008,벡스코 시설확충사업,0.450,0.343,0.207,0.138,0.940,0.508,개정1
2008,경주역사도시 문화관 건립사업,0.458,0.333,0.208,0.139,1.800,0.682,개정1
2008,대구지하철 1호선 서편 연장사업,0.501,0.308,0.191,0.127,1.130,0.567,개정1
2008,장항선 2단계 개량사업,0.467,0.325,0.208,0.139,0.920,0.572,개정1
2008,중부고속도로 남이 음성 확장사업,0.477,0.309,0.215,0.143,1.630,0.698,개정1
2008,대도시권혼잡도로 대구 상동교 가창 확장사업,0.484,0.317,0.199,0.133,1.100,0.570,개정1
2008,국도42호선 원주 새말 확장사업,0.477,0.309,0.214,0.143,0.350,0.449,개정1
2008,여수공항 활주로 연장사업,0.450,0.326,0.225,0.150,0.134,0.391,개정1
2008,구미3단계 광역상수도사업,0.467,0.333,0.200,0.134,0.910,0.458,개정1
2008,국도7호선 포항 흥해 우회건설사업,0.467,0.300,0.233,0.155,0.910,0.503,개정1
2008,국도77호선 4차로 확장,0.485,0.310,0.205,0.137,0.760,0.483,개정1
2009,충남도청 이전 진입도로 건설사업,0.459,0.308,0.233,0.155,0.810,0.536,개정1
2009,대산~당진 고속도로 건설사업,0.450,0.340,0.210,0.140,0.640,0.488,개정1
2009,송산 산업단지 진입도로 건설사업,0.455,0.329,0.216,0.144,1.270,0.670,개정1
2009,포항시 외곽순환 고속도로 건설사업,0.476,0.318,0.206,0.138,0.074,0.215,개정1
2009,평창 방림 장평 국도 확장사업,0.460,0.283,0.257,0.171,0.100,0.421,개정1
2009,광주 송정 나주시계 광역도로 확장사업,0.468,0.318,0.214,0.143,1.050,0.583,개정1
2009,군산항 잡화부두 민간투자사업,0.460,0.301,0.239,0.159,0.129,0.666,개정1
2009,간월호 관광도로 건설사업,0.451,0.309,0.240,0.160,0.250,0.393,개정1
2009,대구도시철도 1호선 하양 연장사업,0.484,0.307,0.208,0.139,0.580,0.333,개정1
2009,대전 와동~신탄진 광역도로 건설사업,0.494,0.316,0.190,0.126,0.922,0.425,개정1
2009,동김해 식만 광역도로 건설사업,0.459,0.317,0.224,0.150,1.050,0.526,개정1
2009,역사민속박물관 건립사업,0.458,0.322,0.221,0.147,0.820,0.430,개정1
2009,익산 산업단지 진입도로 건설사업,0.461,0.302,0.238,0.158,1.110,0.624,개정1
2009,시설원예시험장 이전사업,0.481,0.320,0.198,0.132,1.170,0.588,개정1
2009,구포대교 대동수문간 도로확장,0.463,0.292,0.245,0.163,1.200,0.600,개정1
2009,경북대학교병원 임상실습동 건립사업,0.483,0.310,0.206,0.138,0.980,0.511,개정1
2009,울릉항 2단계 개발사업,0.446,0.310,0.244,0.163,0.160,0.451,개정1
2009,포항 기계 안동 국도 확장사업,0.459,0.304,0.237,0.158,0.780,0.504,개정1
2009,보령 부여 국도건설,0.443,0.301,0.256,0.171,0.907,0.590,개정1
2009,디지털방송콘텐츠 클러스터 건립사업,0.482,0.326,0.192,0.128,1.030,0.529,개정1
2009,마산 자유무역지역 구조고도화 사업,0.469,0.308,0.223,0.149,0.850,0.361,개정1
2009,태릉 구리IC간 확장사업,0.502,0.200,0.199,0.132,1.220,0.598,개정1
2009,고흥 봉래 국도건설,0.434,0.309,0.257,0.171,0.230,0.445,개정1
2009,광주 하남 장성 삼계 간 도로건설,0.475,0.309,0.216,0.144,0.770,0.435,개정1
2009,모터스포츠산업 클러스터 조성사업,0.451,0.302,0.248,0.165,0.400,0.345,개정1
2009,서대전 연화 확장사업,0.468,0.326,0.205,0.137,0.904,0.465,개정1
2009,명지지구 간선도로 건설사업,0.500,0.350,0.150,0.100,0.872,0.501,개정1
2009,동두천 연천 복선전철화 사업,0.442,0.318,0.241,0.160,0.890,0.564,개정1
2009,한국미래 농업단지 조정사업,0.475,0.317,0.208,0.139,0.440,0.322,개정1
2009,임진강수계 농촌용수공급대책 사업,0.450,0.330,0.219,0.146,1.030,0.565,개정1
2009,동북아 오일허브 울산지역사업,0.493,0.325,0.182,0.122,1.170,0.626,개정1
2009,대구텍스타일 콤플렉스 건립사업,0.459,0.334,0.206,0.138,2.400,0.645,개정1
2009,새만금 풍력산업 클러스터 조성사업,0.482,0.298,0.219,0.146,1.260,0.609,개정1
2009,국가식품 클러스터 조성사업,0.469,0.335,0.196,0.131,0.950,0.524,개정1
2009,남강댐 재개발 사업 부산경남 상수도사업,0.442,0.342,0.216,0.144,0.954,0.527,개정1
2009,포항영일신항 인입철도,0.491,0.339,0.171,0.114,0.320,0.259,개정1
2009,대암댐 대체저류지 및 도수관로 건설,0.491,0.339,0.171,0.114,0.320,0.259,개정1
2009,울산신항 인입철도,0.442,0.342,0.216,0.144,0.910,0.514,개정1
2009,금강살리기 군수지구 생태하천조성사업,0.443,0.325,0.232,0.155,0.920,0.518,개정1
2009,낙동강살리기 동촌지구,0.476,0.292,0.232,0.155,2.040,0.632,개정1
2009,북한강살리기 하중도지구,0.434,0.326,0.240,0.160,3.460,0.708,개정1
2009,낙동강살리기 감전 엄궁지구,0.468,0.320,0.212,0.141,1.190,0.601,개정1
2009,금강살리기 세도지구,0.451,0.343,0.206,0.138,1.630,0.690,개정1
2009,포항 삼척 간 고속도로 건설사업,0.443,0.310,0.247,0.165,0.210,0.450,개정1
2009,낙동강살리기 자전거도로 설치사업,0.454,0.326,0.220,0.147,0.940,0.508,개정1
2009,낙동강살리기 금호지구,0.459,0.316,0.225,0.150,1.076,0.579,개정1
2009,경주시계 울산신답교 광역도로 확장사업,0.471,0.290,0.238,0.159,0.960,0.469,개정1
2010,사상 하단 간 도시철도 건설사업,0.435,0.344,0.221,0.148,0.872,0.503,개정1
2010,녹색환경산업복합단지 조성사업,0.474,0.340,0.186,0.124,1.310,0.634,개정1
2010,식만 사상 간 도시권 혼잡도로 건설사업,0.492,0.300,0.208,0.139,1.200,0.608,개정1
2010,중산동 운복동 간 영종 순환도로 개설사업,0.458,0.309,0.233,0.155,0.470,0.341,개정1
2010,부산항 신항 신규 준설토 투기장 호안축조사업,0.476,0.333,0.191,0.127,2.760,0.696,개정1
2010,부산항 신항 신규 준설토 투기장 호안축조사업2,0.476,0.333,0.191,0.127,0.730,0.434,개정1
2010,국립 부산과학관 건립사업,0.451,0.343,0.206,0.138,1.200,0.595,개정1
2010,경상대학교병원 분원 건립사업,0.443,0.335,0.222,0.148,1.068,0.538,개정1
2010,중앙선 도담 영천 철도 건설사업,0.423,0.320,0.257,0.171,0.800,0.557,개정1
2010,국도20호선 신안 생비량 도로 건설사업,0.434,0.299,0.267,0.178,0.770,0.523,개정1
2010,춘천 속초 복선전철 건설사업,0.450,0.300,0.250,0.166,0.730,0.488,개정1
2010,농업용저수지 둑높임사업,0.443,0.293,0.264,0.176,3.248,0.733,개정1
2010,영산강 유역 농업용 저수지 둑높임 사업,0.443,0.293,0.264,0.176,3.248,0.733,개정1
2010,애월항 2단계 개발사업,0.458,0.309,0.233,0.155,1.260,0.618,개정1
2010,철도종합시험선로 구축사업,0.447,0.350,0.203,0.135,0.809,0.517,개정1
2010,공익근무요원 교육원 설립사업,0.484,0.291,0.225,0.150,1.140,0.681,개정1
2010,울릉도 경비행장 건설사업,0.478,0.319,0.204,0.136,0.770,0.430,개정1
2010,HD 드라마타운 조성사업,0.434,0.344,0.222,0.148,1.380,0.555,개정1
2010,농식품 허브 물류센터 건립사업,0.436,0.334,0.230,0.153,2.170,0.578,개정1
2010,김제,0.494,0.300,0.206,0.138,0.580,0.411,개정1
2010,광주도시철도 2호선 건설사업,0.442,0.305,0.253,0.169,0.997,0.502,개정1
2010,이단적재열차 도입기반 구축사업,0.459,0.350,0.191,0.127,0.900,0.415,개정1
2010,국도31호선 청송 삼자현 터널 건설사업,0.449,0.316,0.235,0.157,0.890,0.582,개정1
2010,부산역 일반철도 부전역 이전사업,0.459,0.324,0.217,0.144,0.680,0.385,개정1
2010,송도국제도시 6 8 공구 간선도로 설치공사,0.451,0.335,0.214,0.143,0.840,0.420,개정1
2010,부산지하철 1호선 양산연장 건설사업,0.451,0.343,0.206,0.138,0.890,0.501,개정1
2010,첨단 유리온실 조성사업,0.470,0.350,0.180,0.120,0.857,0.480,개정1
2010,아트센터 건립사업,0.468,0.350,0.182,0.121,0.910,0.514,개정1
2010,대청댐계통 광역상수도 건설사업,0.484,0.308,0.208,0.139,3.110,0.706,개정1
2011,새마을운동 테마공원 조성사업,0.417,0.343,0.240,0.160,1.170,0.517,개정1
2011,창원 도시철도 건설사업,0.458,0.333,0.208,0.139,0.880,0.502,개정1
2011,수출용 신형 연구로 개발 및 실증사업,0.451,0.343,0.206,0.138,0.960,0.511,개정1
2011,권역외상센터 설립사업,0.458,0.326,0.216,0.144,0.440,0.321,개정1
2011,달산댐 건설사업 및 포항(Ⅱ)단계 공업용수도 건설사업,0.426,0.326,0.248,0.165,0.810,0.559,개정1
2011,영양댐 건설사업,0.470,0.310,0.220,0.147,0.930,0.579,개정1
2011,광주 제2컨벤션센터 건립사업,0.451,0.316,0.233,0.155,1.210,0.611,개정1
2011,우이~신설 연장선,0.470,0.310,0.220,0.147,0.970,0.516,개정1
2011,중부내륙선(김천~낙동) 고속도로 확장 건설사업,0.451,0.317,0.232,0.155,0.740,0.431,개정1
2011,대구사이언스파크 진입도로 건설사업,0.452,0.301,0.247,0.165,1.230,0.644,개정1
2011,울산신항 북측안벽(3선석) 축조사업,0.476,0.300,0.223,0.149,0.890,0.437,개정1
2011,울산·미포 국가산단진입도로(오토벨리로) 개설사업,0.484,0.317,0.199,0.132,1.110,0.582,개정1
2011,통합물류센터 건립지원사업,0.461,0.335,0.204,0.136,0.474,0.315,개정1
2011,함정용 드라이도크 신축사업,0.437,0.348,0.215,0.143,0.170,0.172,개정1
2011,오송～청주국제공항 연결도로사업,0.433,0.334,0.233,0.155,1.270,0.662,개정1
2011,조치원 연결도로 확장 건설사업,0.451,0.308,0.241,0.160,1.030,0.602,개정1
2011,폐광지역 경제자립형 개발사업 제Ⅰ부,0.417,0.283,0.300,0.200,1.270,0.674,개정1
2011,제주 돌문화공원 관광지 개발사업,0.475,0.317,0.208,0.139,1.360,0.649,개정1
2011,경북·대구권 맑은 물 공급사업,0.470,0.308,0.222,0.148,0.860,0.397,개정1
2011,국가대표 종합훈련장 (2단계) 조성사업,0.468,0.352,0.180,0.120,1.490,0.666,개정1
2011,제3차 국도·국지도 5개년 계획안 예비타당성조사 대상사업1,0.458,0.292,0.251,0.167,0.310,0.405,개정1
2011,제3차 국도·국지도 5개년 계획안 예비타당성조사 대상사업2,0.449,0.304,0.248,0.165,0.440,0.437,개정1
2011,제3차 국도·국지도 5개년 계획안 예비타당성조사 대상사업3,0.457,0.297,0.246,0.164,0.330,0.398,개정1
2011,제3차 국도·국지도 5개년 계획안 예비타당성조사 대상사업4,0.459,0.300,0.241,0.161,0.630,0.373,개정1
2011,제3차 국도·국지도 5개년 계획안 예비타당성조사 대상사업5,0.460,0.302,0.238,0.159,0.280,0.313,개정1
2011,제3차 국도·국지도 5개년 계획안 예비타당성조사 대상사업6,0.455,0.299,0.246,0.164,0.120,0.392,개정1
2011,제3차 국도·국지도 5개년 계획안 예비타당성조사 대상사업7,0.459,0.300,0.241,0.161,0.300,0.393,개정1
2011,제3차 국도·국지도 5개년 계획안 예비타당성조사 대상사업8,0.459,0.308,0.233,0.155,0.860,0.512,개정1
2011,제3차 국도·국지도 5개년 계획안 예비타당성조사 대상사업9,0.458,0.300,0.224,0.241,0.920,0.504,개정1
2011,제3차 국도·국지도 5개년 계획안 예비타당성조사 대상사업10,0.459,0.300,0.241,0.161,0.670,0.327,개정1
2011,제3차 국도·국지도 5개년 계획안 예비타당성조사 대상사업11,0.454,0.301,0.246,0.164,0.650,0.408,개정1
2011,제3차 국도·국지도 5개년 계획안 예비타당성조사 대상사업12,0.479,0.258,0.263,0.176,0.700,0.483,개정1
2011,제3차 국도·국지도 5개년 계획안 예비타당성조사 대상사업13,0.483,0.258,0.258,0.172,1.010,0.594,개정1
2011,제3차 국도·국지도 5개년 계획안 예비타당성조사 대상사업14,0.467,0.282,0.251,0.167,0.900,0.505,개정1
2011,제3차 국도·국지도 5개년 계획안 예비타당성조사 대상사업15,0.490,0.260,0.250,0.167,0.720,0.404,개정1
2011,제3차 국도·국지도 5개년 계획안 예비타당성조사 대상사업16,0.477,0.261,0.262,0.175,0.620,0.461,개정1
2011,제3차 국도·국지도 5개년 계획안 예비타당성조사 대상사업17,0.459,0.280,0.261,0.174,0.770,0.490,개정1
2011,제3차 국도·국지도 5개년 계획안 예비타당성조사 대상사업18,0.457,0.283,0.260,0.173,0.460,0.460,개정1
2011,제3차 국도·국지도 5개년 계획안 예비타당성조사 대상사업19,0.460,0.280,0.260,0.173,0.350,0.426,개정1
2011,제3차 국도·국지도 5개년 계획안 예비타당성조사 대상사업20,0.457,0.278,0.265,0.176,0.260,0.450,개정1
2011,제3차 국도·국지도 5개년 계획안 예비타당성조사 대상사업21,0.464,0.303,0.233,0.156,0.480,0.424,개정1
2011,제3차 국도·국지도 5개년 계획안 예비타당성조사 대상사업22,0.460,0.272,0.268,0.179,0.150,0.440,개정1
2011,제3차 국도·국지도 5개년 계획안 예비타당성조사 대상사업23,0.487,0.292,0.221,0.147,1.070,0.587,개정1
2011,제3차 국도·국지도 5개년 계획안 예비타당성조사 대상사업24,0.466,0.272,0.263,0.175,0.250,0.429,개정1
2011,제3차 국도·국지도 5개년 계획안 예비타당성조사 대상사업25,0.469,0.276,0.255,0.170,0.990,0.505,개정1
2011,제3차 국도·국지도 5개년 계획안 예비타당성조사 대상사업26,0.452,0.273,0.275,0.183,0.130,0.427,개정1
2011,제3차 국도·국지도 5개년 계획안 예비타당성조사 대상사업27,0.457,0.273,0.270,0.180,0.600,0.485,개정1
2011,제3차 국도·국지도 5개년 계획안 예비타당성조사 대상사업28,0.467,0.265,0.268,0.179,0.770,0.489,개정1
2011,제3차 국도·국지도 5개년 계획안 예비타당성조사 대상사업29,0.453,0.270,0.277,0.184,0.630,0.485,개정1
2011,제3차 국도·국지도 5개년 계획안 예비타당성조사 대상사업30,0.469,0.282,0.250,0.166,0.590,0.397,개정1
2011,제3차 국도·국지도 5개년 계획안 예비타당성조사 대상사업31,0.467,0.283,0.250,0.166,0.550,0.441,개정1
2011,제3차 국도·국지도 5개년 계획안 예비타당성조사 대상사업32,0.484,0.297,0.219,0.146,0.900,0.502,개정1
2011,제3차 국도·국지도 5개년 계획안 예비타당성조사 대상사업33,0.460,0.287,0.253,0.169,0.410,0.361,개정1
2011,제3차 국도·국지도 5개년 계획안 예비타당성조사 대상사업34,0.443,0.280,0.277,0.184,0.020,0.472,개정1
2011,제3차 국도·국지도 5개년 계획안 예비타당성조사 대상사업35,0.450,0.275,0.275,0.183,0.210,0.418,개정1
2011,제3차 국도·국지도 5개년 계획안 예비타당성조사 대상사업36,0.462,0.297,0.241,0.161,0.410,0.448,개정1
2011,제3차 국도·국지도 5개년 계획안 예비타당성조사 대상사업37,0.460,0.295,0.244,0.163,0.410,0.463,개정1
2011,제3차 국도·국지도 5개년 계획안 예비타당성조사 대상사업38,0.464,0.298,0.237,0.158,0.480,0.478,개정1
2011,제3차 국도·국지도 5개년 계획안 예비타당성조사 대상사업39,0.473,0.303,0.224,0.150,0.640,0.412,개정1
2011,제3차 국도·국지도 5개년 계획안 예비타당성조사 대상사업40,0.490,0.294,0.216,0.144,0.960,0.514,개정1
2011,제3차 국도·국지도 5개년 계획안 예비타당성조사 대상사업41,0.447,0.329,0.224,0.150,0.230,0.386,개정1
2011,제3차 국도·국지도 5개년 계획안 예비타당성조사 대상사업42,0.472,0.295,0.233,0.155,0.470,0.391,개정1
2011,제3차 국도·국지도 5개년 계획안 예비타당성조사 대상사업43,0.483,0.308,0.209,0.139,0.530,0.383,개정1
2011,제3차 국도·국지도 5개년 계획안 예비타당성조사 대상사업44,0.466,0.317,0.217,0.145,0.360,0.428,개정1
2011,제3차 국도·국지도 5개년 계획안 예비타당성조사 대상사업45,0.473,0.300,0.228,0.152,0.650,0.486,개정1
2011,울산~양산 도시철도 건설사업,0.468,0.318,0.213,0.142,0.550,0.371,개정1
2011,대구제3공업단지 재생사업,0.468,0.352,0.181,0.120,0.950,0.526,개정1
2011,대전산업단지 재생사업,0.468,0.334,0.199,0.132,1.040,0.532,개정1
2011,서대구공업단지 재생사업,0.472,0.334,0.189,0.126,1.180,0.557,개정1
2011,국립중앙수목원 조성사업,0.478,0.317,0.205,0.137,1.260,0.611,개정1
2011,대구 공연문화도시 조성사업,0.443,0.343,0.214,0.143,0.520,0.290,개정1
2012,대구외곽순환고속도로(성서~지천) 건설사업,0.460,0.309,0.231,0.154,1.140,0.569,개정1
2012,동해 ·묵호항 3단계 개발사업,0.450,0.334,0.216,0.144,0.940,0.578,개정1
2012,춘천~속초 철도건설,0.459,0.325,0.216,0.173,1.260,0.640,개정1
2012,충주댐계통 공업용수도 사업,0.459,0.310,0.232,0.155,0.670,0.449,개정1
2012,국지도58호선(송정~문동) 건설사업,0.450,0.321,0.228,0.182,0.910,0.510,개정1
2012,천안~청주공항 복선전철,0.459,0.333,0.200,0.160,0.970,0.524,개정1
2012,군산전북대학교병원 건립사업,0.468,0.282,0.250,0.200,1.100,0.603,개정1
2012,고덕산업단지 용수공급시설 설치사업,0.481,0.299,0.220,0.176,1.720,0.614,개정1
2012,삽교방조제 배수갑문 확장사업,0.417,0.342,0.241,0.193,0.880,0.512,개정1
2012,부산항신항 남측컨테이너부두 배후단지 개발사업,0.483,0.316,0.200,0.160,1.300,0.616,개정1
2012,부산항 신항 항로증심(2단계) 준설사업,0.483,0.316,0.200,0.160,1.840,0.661,개정1
2012,안동댐 토사류 유입방지시설 건설사업,0.484,0.300,0.216,0.176,0.010,0.368,개정1
2012,한림항 2단계 개발사업,0.468,0.283,0.249,0.199,0.380,0.349,개정1
2012,울산과학기술대학교 연구공간 확충사업,0.475,0.317,0.208,0.166,0.990,0.506,개정1
2012,새만금 동서2축 도로건설,0.471,0.285,0.244,0.195,1.320,0.728,개정1
2012,영암·해남 관광레저기업도시 동측진입도로 개설사업,0.500,0.300,0.200,0.160,1.140,0.575,개정1
2012,대전도시철도 2호선,0.434,0.333,0.233,0.186,0.910,0.508,개정1
2012,고덕국제화계획지구 일반산업단지 진입도로 건설,0.476,0.292,0.231,0.185,1.270,0.601,개정1
2012,영동고속도로(서창~안산) 확장사업,0.476,0.309,0.223,0.179,1.080,0.600,개정1
2012,국립민속박물관 확대·이전 건립사업,0.462,0.333,0.205,0.164,0.470,0.345,개정1
2012,군장항 항로준설(2단계) 사업,0.439,0.312,0.249,0.199,1.080,0.635,개정1
2012,수성의료지구 간선도로 개설사업,0.467,0.301,0.232,0.185,1.100,0.532,개정1
2012,여주~원주 복선전철 건설사업,0.451,0.332,0.216,0.173,0.860,0.419,개정1
2012,"2018평창동계올림픽 대회시설(경기장, 진입도로)",0.469,0.316,0.215,0.172,1.180,0.542,개정1
2012,국립을숙도청소년생태체험수련원 건립사업,0.451,0.332,0.216,0.173,0.860,0.419,개정1
2012,부산역 일원 철도부지 종합개발사업,0.442,0.318,0.241,0.192,0.760,0.453,개정1
2012,부산역 일원 철도부지 종합개발사업2,0.450,0.320,0.230,0.184,0.640,0.422,개정1
2013,청주국제공항 활주로 확장사업,0.492,0.300,0.208,0.166,0.320,0.303,개정1
2013,국제 원자력 기능인력교육원 설립사업,0.460,0.321,0.220,0.176,0.210,0.290,개정1
2013,흑산도 공항 건설사업,0.452,0.300,0.249,0.199,4.380,0.814,개정1
2013,울릉도 공항 건설사업,0.469,0.310,0.221,0.177,0.620,0.190,개정1
2013,울릉도 공항 건설사업2,0.469,0.310,0.221,0.177,0.455,0.655,개정1
2013,오송 제2생명과학단지 진입도로 건설사업,0.468,0.300,0.232,0.185,1.550,0.635,개정1
2013,상개~매암 대도시권 혼잡도로 건설사업,0.492,0.292,0.216,0.173,1.230,0.563,개정1
2013,신답교~경주시계 광역도로,0.451,0.342,0.208,0.166,0.980,0.504,개정1
2013,을숙도~장림고개 대도시권 혼잡도로 건설사업,0.476,0.224,0.216,0.173,1.120,0.544,개정1
2013,호남고속도로(광산~동광주IC) 확장사업,0.458,0.321,0.221,0.177,0.960,0.517,개정1
2014,대구도시철도 1호선 하양 연장사업,0.475,0.325,0.200,0.160,0.820,0.451,개정1
2014,대구도시철도 1호선 하양 연장사업2,0.475,0.325,0.200,0.160,0.950,0.505,개정1
2014,레고랜드 코리아 기반시설(교량) 조성사업,0.476,0.308,0.216,0.173,1.540,0.672,개정1
2014,원주~강릉 강릉시 구간 철도 건설사업,0.442,0.325,0.223,0.186,0.110,0.413,개정1
2014,관저~문창 대도시권 혼잡도로,0.492,0.292,0.216,0.173,0.430,0.293,개정1
2014,재난안전무선통신망 구축사업,0.450,0.350,0.200,0.160,1.000,0.514,개정1
2014,영동고속도로 안산~북수원 확장사업,0.493,0.299,0.208,0.166,1.300,0.605,개정1
2014,폐광지역 관광자원화 사업,0.469,0.299,0.232,0.186,2.450,0.680,개정1
2014,국립해양과학교육관 건립사업,0.435,0.309,0.256,0.205,1.170,0.623,개정1
2014,사학연금 서울회관 재건축 사업,0.492,0.308,0.200,0.160,1.030,0.516,개정1
2014,새만금 남북2축 도로건설사업,0.429,0.319,0.252,0.201,0.920,0.586,개정1
2014,경산지식산업지구 진입도로 건설사업,0.450,0.309,0.241,0.193,1.210,0.609,개정1
2014,광양(Ⅰ) 공업용수도 용수공급 신뢰성 제고사업,0.459,0.325,0.216,0.173,0.700,0.354,개정1
2014,세종충남대학교병원 건립사업,0.467,0.325,0.208,0.166,0.940,0.537,개정1
2014,광양항 안전수역 시설확보 사업,0.452,0.303,0.244,0.195,0.080,0.354,개정1
2014,국가산채클러스터 조성사업,0.459,0.300,0.240,0.192,1.000,0.512,개정1
2014,대구 물 산업 클러스터 조성사업,0.467,0.275,0.258,0.207,1.280,0.579,개정1
2014,새만금 생태환경용지 조성사업(1단계),0.443,0.318,0.239,0.191,1.990,0.770,개정1
2014,해양경찰 정비창 확장이전사업,0.425,0.334,0.242,0.193,0.520,0.380,개정1
2014,해양경찰 정비창 확장이전사업2,0.433,0.334,0.233,0.186,1.980,0.654,개정1
2014,부산항 신항 신규 준설토 투기장(2구역) 호안 축조사업,0.450,0.317,0.233,0.186,1.070,0.568,개정1
2014,국립아트센터 건립사업,0.475,0.309,0.216,0.173,1.060,0.501,개정1
2014,상무지구~첨단산단 혼잡도로 개선사업,0.492,0.308,0.200,0.160,1.100,0.567,개정1
2014,2018평창동계올림픽 지원 기존선 고속화사업,0.426,0.334,0.240,0.192,1.420,0.639,개정1
2014,지덕권 산림치유단지 조성사업,0.459,0.299,0.242,0.194,1.210,0.644,개정1
2014,부산공동어시장 현대화,0.475,0.309,0.216,0.173,2.370,0.622,개정1
2014,용사의집 재건립,0.467,0.325,0.268,0.166,1.090,0.551,개정1
2015,중부권 광역우편집중국 건립사업,0.475,0.317,0.208,0.166,2.040,0.665,개정1
2015,국립박물관단지 조성사업,0.476,0.317,0.215,0.172,0.970,0.517,개정1
2015,대구도시철도 1호선 국가산단 연장,0.459,0.317,0.224,0.180,0.250,0.336,개정1
2015,서계동 복합문화관광시설 조성사업,0.458,0.325,0.216,0.173,1.030,0.528,개정1
2015,대구광역권(구미~경산) 철도망 구축사업,0.484,0.308,0.208,0.166,1.000,0.517,개정1
2015,종합유통단지~이시아폴리스 혼잡도로 개선사업,0.467,0.325,0.208,0.166,1.030,0.516,개정1
2015,여주~원주 철도건설사업,0.434,0.334,0.232,0.185,1.040,0.584,개정1
2015,여주~원주 철도건설사업2,0.434,0.334,0.232,0.185,0.850,0.472,개정1
2015,첨단실감콘텐츠 제작 클러스터 조성사업,0.481,0.309,0.210,0.168,0.940,0.501,개정1
2015,평택·당진항 서부두 잡화부두(2선석) 축조공사,0.467,0.317,0.216,0.173,0.760,0.393,개정1
2015,농어업 역사문화 전시체험관 건립,0.458,0.341,0.200,0.160,0.970,0.515,개정1
2015,성남~장호원 6 국도 건설사업,0.476,0.291,0.233,0.187,0.480,0.359,개정1
2016,점동지구 다목적 농촌용수 개발사업,0.484,0.301,0.216,0.173,1.070,0.571,개정1
2016,충청권광역철도 1단계 건설사업,0.442,0.334,0.224,0.180,0.580,0.373,개정1
2016,충청권광역철도 1단계 건설사업2,0.435,0.324,0.241,0.192,0.950,0.513,개정1
2016,대산~당진 고속도로 신설사업,0.472,0.280,0.248,0.198,1.000,0.536,개정1
2016,수원 농수산물도매시장 시설 현대화사업,0.467,0.325,0.208,0.167,1.070,0.518,개정1
2016,광주천 도심하천 생태복원 (지방하천정비) 사업,0.461,0.291,0.248,0.198,0.590,0.343,개정1
2016,부산사상 노후공업지역 재생사업,0.467,0.325,0.208,0.166,1.010,0.506,개정1
2016,흑산도항 건설사업,0.456,0.310,0.234,0.187,0.990,0.655,개정1
2016,용봉천 생태하천 복원사업,0.481,0.309,0.210,0.168,0.760,0.352,개정1
2016,다사~왜관 광역도로사업,0.475,0.300,0.225,0.180,1.010,0.525,개정1
2016,철도물류 수송력 향상을 위한 유효장 확장사업,0.487,0.300,0.213,0.170,0.530,0.381,개정1
2016,춘천~속초 철도건설사업,0.450,0.303,0.246,0.197,0.790,0.518,개정1
2016,경부고속도로 회덕IC 연결도로,0.492,0.292,0.216,0.173,1.820,0.648,개정1
2016,월전동~무진로간 도로개설사업,0.459,0.325,0.216,0.173,1.090,0.565,개정1
2016,국도 4호선(서대전IC~두계3가)도로 확장사업,0.840,0.300,0.216,0.173,1.040,0.512,개정1
2016,제4차 국도·국지도 5개년 계획안 예비타당성조사 대상사업,0.409,0.299,0.383,0.233,0.360,0.444,개정1
2016,제4차 국도·국지도 5개년 계획안 예비타당성조사 대상사업2,0.401,0.316,0.283,0.226,0.320,0.469,개정1
2016,제4차 국도·국지도 5개년 계획안 예비타당성조사 대상사업3,0.401,0.325,0.274,0.220,0.230,0.441,개정1
2016,제4차 국도·국지도 5개년 계획안 예비타당성조사 대상사업4,0.409,0.299,0.292,0.233,0.420,0.462,개정1
2016,제4차 국도·국지도 5개년 계획안 예비타당성조사 대상사업5,0.460,0.332,0.208,0.167,0.980,0.510,개정1
2016,제4차 국도·국지도 5개년 계획안 예비타당성조사 대상사업6,0.480,0.302,0.218,0.174,0.820,0.417,개정1
2016,제4차 국도·국지도 5개년 계획안 예비타당성조사 대상사업7,0.467,0.325,0.208,0.166,1.020,0.507,개정1
2016,제4차 국도·국지도 5개년 계획안 예비타당성조사 대상사업8,0.493,0.283,0.224,0.179,0.810,0.403,개정1
2016,제4차 국도·국지도 5개년 계획안 예비타당성조사 대상사업9,0.417,0.325,0.258,0.207,0.780,0.365,개정1
2016,제4차 국도·국지도 5개년 계획안 예비타당성조사 대상사업10,0.426,0.334,0.240,0.192,0.520,0.383,개정1
2016,제4차 국도·국지도 5개년 계획안 예비타당성조사 대상사업11,0.446,0.333,0.221,0.177,0.640,0.359,개정1
2016,제4차 국도·국지도 5개년 계획안 예비타당성조사 대상사업12,0.451,0.342,0.208,0.166,0.950,0.514,개정1
2016,제4차 국도·국지도 5개년 계획안 예비타당성조사 대상사업13,0.448,0.324,0.228,0.183,0.500,0.387,개정1
2016,제4차 국도·국지도 5개년 계획안 예비타당성조사 대상사업14,0.458,0.341,0.200,0.160,1.030,0.518,개정1
2016,제4차 국도·국지도 5개년 계획안 예비타당성조사 대상사업15,0.428,0.333,0.238,0.191,0.270,0.332,개정1
2016,제4차 국도·국지도 5개년 계획안 예비타당성조사 대상사업16,0.458,0.340,0.202,0.161,0.430,0.485,개정1
2016,제4차 국도·국지도 5개년 계획안 예비타당성조사 대상사업17,0.425,0.351,0.224,0.179,0.570,0.330,개정1
2016,제4차 국도·국지도 5개년 계획안 예비타당성조사 대상사업18,0.467,0.292,0.241,0.193,0.960,0.516,개정1
2016,제4차 국도·국지도 5개년 계획안 예비타당성조사 대상사업19,0.434,0.308,0.259,0.207,0.170,0.433,개정1
2016,제4차 국도·국지도 5개년 계획안 예비타당성조사 대상사업20,0.467,0.284,0.249,0.199,0.140,0.283,개정1
2016,제4차 국도·국지도 5개년 계획안 예비타당성조사 대상사업21,0.417,0.307,0.274,0.220,0.570,0.464,개정1
2016,제4차 국도·국지도 5개년 계획안 예비타당성조사 대상사업22,0.417,0.309,0.274,0.220,0.430,0.441,개정1
2016,제4차 국도·국지도 5개년 계획안 예비타당성조사 대상사업23,0.417,0.317,0.266,0.213,0.100,0.384,개정1
2016,제4차 국도·국지도 5개년 계획안 예비타당성조사 대상사업24,0.417,0.317,0.266,0.213,0.210,0.351,개정1
2016,제4차 국도·국지도 5개년 계획안 예비타당성조사 대상사업25,0.417,0.264,0.265,0.212,0.810,0.555,개정1
2016,제4차 국도·국지도 5개년 계획안 예비타당성조사 대상사업26,0.408,0.291,0.300,0.240,0.280,0.463,개정1
2016,제4차 국도·국지도 5개년 계획안 예비타당성조사 대상사업27,0.459,0.300,0.241,0.193,0.140,0.286,개정1
2017,다사~다산 간 광역도로사업,0.447,0.301,0.252,0.202,0.340,0.357,개정1
2017,제주공항 인프라 확충사업,0.475,0.300,0.225,0.180,1.230,0.664,개정1
2017,이화~삼계간 도로개설사업,0.469,0.302,0.230,0.184,1.500,0.630,개정1
2017,서낙동강수계 국가하천환경정비사업,0.432,0.309,0.259,0.207,0.740,0.375,개정1
2017,호남고속도로지선(유성~회덕) 확장사업,0.456,0.313,0.231,0.185,0.570,0.280,개정1
2017,조치원 우회도로 건설사업,0.468,0.299,0.232,0.186,1.150,0.618,개정1
2017,부산도시철도 4호선 연장(기장선),0.442,0.309,0.249,0.199,0.460,0.383,개정1
2017,충남서부권 광역상수도 사업,0.457,0.319,0.224,0.179,1.050,0.641,개정1
2017,청소년 진로직업체험수련원 건립사업,0.464,0.316,0.219,0.176,1.600,0.524,개정1
2017,울산외곽순환고속도로 건설사업,0.450,0.284,0.266,0.213,0.530,0.310,개정1
2017,동탄~세교 복선전철 건설사업,0.450,0.283,0.267,0.213,0.520,0.310,개정1
2017,목감천(지방하천) 치수대책사업,0.413,0.331,0.256,0.205,6.790,0.612,개정1
2017,목감천(지방하천) 치수대책사업2,0.413,0.331,0.256,0.205,4.040,0.622,개정1
2017,무주~대구 고속도로(성주~대구) 건설사업,0.401,0.325,0.274,0.219,0.240,0.410,개정1
2017,장항선(신창~대야) 복선전철,0.426,0.300,0.275,0.220,1.030,0.578,개정1
2017,울산항 배후도로(본항~신항) 건설사업,0.401,0.333,0.267,0.213,0.620,0.383,개정1
2017,신분당선(호메실~봉담) 복선전철,0.481,0.303,0.216,0.173,0.260,0.279,개정1
2017,보령~울진 자동차 전용도로 건설사업,0.423,0.295,0.282,0.225,0.140,0.433,개정1
2017,BJFEZ 북측진입도로 건설사업,0.444,0.294,0.262,0.209,1.040,0.512,개정1
2018,대산임해산업지역 공업용수도(해수담수화) 사업,0.406,0.342,0.251,0.201,0.980,0.562,개정1
2018,포항~동해 전철화사업,0.444,0.287,0.269,0.215,0.590,0.468,개정1
2018,평택·당진항 진입도로(신평~내항) 건설사업,0.435,0.293,0.273,0.218,1.360,0.598,개정1
2018,정림중~버드내교간 도로개설,0.456,0.287,0.257,0.205,1.050,0.513,개정1
2018,광주 대촌~나주 금천 간 도로확장사업,0.451,0.281,0.268,0.214,0.230,0.349,개정1
2018,상화로(유천교~월곡) 입체화 사업,0.450,0.293,0.257,0.205,1.040,0.506,개정1
2018,산재모병원 건립사업,0.442,0.307,0.251,0.201,0.730,0.304,개정1
2018,엄궁대교 건설사업,0.406,0.342,0.251,0.201,0.990,0.510,개정1
2018,새만금 가력선착장 확장사업,0.420,0.293,0.287,0.230,1.090,0.677,개정1
2018,광주송정~순천 단선전철,0.425,0.317,0.259,0.207,0.850,0.489,개정1
2018,금남~북대전IC 연결도로 건설사업,0.413,0.306,0.381,0.225,0.780,0.408,개정1
2018,금강남부(2차) 급수체계 조정사업,0.446,0.277,0.277,0.222,2.760,0.792,개정1
2018,고덕 8단지 임대주택 정비,0.412,0.335,0.253,0.202,1.190,0.571,개정1
2019,대덕특구 동측 진입로 개설사업,0.466,0.277,0.256,0.205,1.100,0.526,개정1
2019,광양항 광역 준설토투기장 조성사업,0.349,0.312,0.293,0.235,4.040,0.763,개정1
2019,분뇨처리시설 설치사업,0.401,0.295,0.315,0.252,0.960,0.569,개정1
2019,새만금 공공주도 매립 선도사업,0.380,0.300,0.320,0.256,0.910,0.606,개정2
2019,남해 고속도로(칠원~창원) 확장사업,0.419,0.281,0.301,0.240,0.940,0.520,개정2
2019,광양항 낙포부두 Renewal 사업,0.331,0.337,0.332,0.266,0.850,0.547,개정2
2019,해양경찰 서부정비창 신설사업,0.300,0.394,0.306,0.245,1.020,0.598,개정2
2019,미래해양과학관 건립사업,0.368,0.331,0.321,0.257,1.160,0.559,개정2
2019,조야~동명 광역도로 건설사업,0.353,0.328,0.319,0.255,0.950,0.565,개정2
2019,서도 연도교 건설,0.325,0.350,0.325,0.260,0.020,0.483,개정2
2020,광양만권 경제자유구역 진입도로 개설사업,0.332,0.336,0.332,0.266,1.680,0.640,개정2
2020,소방복합치유센터 건립사업,0.355,0.342,0.303,0.242,1.080,0.510,개정2
2020,광주송정~순천 단선전철,0.336,0.310,0.354,0.284,0.880,0.700,개정2
2020,부강역~북대전IC 연결도로,0.419,0.280,0.302,0.241,1.770,0.674,개정2
2020,부산대교~동삼혁신도시간 도로개설,0.374,0.296,0.330,0.264,1.000,0.545,개정2
2020,부산도시철도 하단~녹산선 건설사업,0.362,0.325,0.313,0.250,0.850,0.497,개정2
2020,제주 광령~도평간 우회도로 건설,0.362,0.324,0.314,0.251,1.020,0.523,개정2
2020,양주아트센터 건립사업,0.331,0.320,0.349,0.280,2.460,0.686,개정2
2020,호남고속도로(김제~삼례) 확장사업,0.381,0.299,0.320,0.256,1.000,0.625,개정2
2020,광양항 3단계 투기장(1구역) 항만재개발사업,0.376,0.318,0.306,0.245,1.240,0.650,개정2
2020,제천~영월 고속도로 건설사업,0.368,0.329,0.303,0.243,0.850,0.532,개정2
2020,계양~강화 고속도로 건설사업,0.368,0.319,0.313,0.250,0.810,0.542,개정2
2021,판교지구 다목적 농촌용수 개발사업,0.370,0.250,0.380,0.304,0.960,0.637,개정2
2021,대구 도시철도 엑스코선 건설사업,0.400,0.300,0.300,0.240,0.870,0.503,개정2
2021,광주 하남~장성 삼계 광역도로 사업,0.300,0.400,0.300,0.240,0.950,0.590,개정2
2021,부산항 제2신항 건설사업,0.430,0.260,0.310,0.248,0.920,0.497,개정2
2021,국가문헌보존관 건립 사업,0.300,0.450,0.300,0.240,0.930,0.639,개정2
2021,혁신원자력 연구개발 기반조성 사업,0.350,0.350,0.300,0.240,1.110,0.589,개정2
2021,서낙동강수계 국가하천 하천정비사업,0.420,0.260,0.320,0.256,5.180,0.724,개정2
2021,제5차 국도-국지도 5개년 계획안 일괄 예비타당성조사 1,0.350,0.325,0.325,0.260,0.900,0.561,개정2
2021,제5차 국도-국지도 5개년 계획안 일괄 예비타당성조사 2,0.343,0.326,0.331,0.265,0.290,0.496,개정2
2021,제5차 국도-국지도 5개년 계획안 일괄 예비타당성조사 3,0.362,0.314,0.324,0.259,0.480,0.443,개정2
2021,제5차 국도-국지도 5개년 계획안 일괄 예비타당성조사 4,0.344,0.337,0.319,0.255,0.260,0.393,개정2
2021,제5차 국도-국지도 5개년 계획안 일괄 예비타당성조사 5,0.368,0.308,0.324,0.259,0.390,0.479,개정2
2021,제5차 국도-국지도 5개년 계획안 일괄 예비타당성조사 6,0.381,0.306,0.313,0.250,0.340,0.451,개정2
2021,제5차 국도-국지도 5개년 계획안 일괄 예비타당성조사 7,0.343,0.326,0.331,0.265,0.650,0.560,개정2
2021,제5차 국도-국지도 5개년 계획안 일괄 예비타당성조사 8,0.362,0.314,0.324,0.259,0.630,0.473,개정2
2021,제5차 국도-국지도 5개년 계획안 일괄 예비타당성조사 9,0.343,0.314,0.343,0.374,0.640,0.536,개정2
2021,제5차 국도-국지도 5개년 계획안 일괄 예비타당성조사 10,0.349,0.308,0.343,0.274,0.240,0.438,개정2
2021,제5차 국도-국지도 5개년 계획안 일괄 예비타당성조사 11,0.325,0.320,0.355,0.284,0.660,0.571,개정2
2021,제5차 국도-국지도 5개년 계획안 일괄 예비타당성조사 12,0.350,0.326,0.325,0.260,0.620,0.470,개정2
2021,제5차 국도-국지도 5개년 계획안 일괄 예비타당성조사 13,0.374,0.317,0.309,0.247,0.120,0.450,개정2
2021,제5차 국도-국지도 5개년 계획안 일괄 예비타당성조사 14,0.362,0.331,0.307,0.246,0.170,0.524,개정2
2021,제5차 국도-국지도 5개년 계획안 일괄 예비타당성조사 15,0.362,0.329,0.309,0.247,0.080,0.443,개정2
2021,제5차 국도-국지도 5개년 계획안 일괄 예비타당성조사 16,0.343,0.349,0.307,0.246,0.420,0.466,개정2
2021,제5차 국도-국지도 5개년 계획안 일괄 예비타당성조사 17,0.330,0.356,0.314,0.251,0.560,0.487,개정2
2021,제5차 국도-국지도 5개년 계획안 일괄 예비타당성조사 18,0.330,0.356,0.314,0.251,0.060,0.484,개정2
2021,제5차 국도-국지도 5개년 계획안 일괄 예비타당성조사 19,0.343,0.343,0.314,0.251,0.590,0.462,개정2
2021,제5차 국도-국지도 5개년 계획안 일괄 예비타당성조사 20,0.331,0.356,0.313,0.250,0.330,0.475,개정2
2021,제5차 국도-국지도 5개년 계획안 일괄 예비타당성조사 21,0.362,0.325,0.313,0.250,0.360,0.545,개정2
2021,제5차 국도-국지도 5개년 계획안 일괄 예비타당성조사 22,0.356,0.331,0.313,0.250,0.340,0.436,개정2
2021,제5차 국도-국지도 5개년 계획안 일괄 예비타당성조사 23,0.356,0.325,0.319,0.355,0.140,0.482,개정2
2021,제5차 국도-국지도 5개년 계획안 일괄 예비타당성조사 24,0.362,0.331,0.307,0.246,0.200,0.445,개정2
2021,제5차 국도-국지도 5개년 계획안 일괄 예비타당성조사 25,0.350,0.337,0.313,0.250,0.310,0.406,개정2
2021,제5차 국도-국지도 5개년 계획안 일괄 예비타당성조사 26,0.356,0.337,0.307,0.245,0.080,0.433,개정2
2021,제5차 국도-국지도 5개년 계획안 일괄 예비타당성조사 27,0.356,0.337,0.307,0.245,0.150,0.422,개정2
2021,제5차 국도-국지도 5개년 계획안 일괄 예비타당성조사 28,0.356,0.337,0.307,0.245,0.260,0.407,개정2
2021,제5차 국도-국지도 5개년 계획안 일괄 예비타당성조사 29,0.350,0.337,0.313,0.250,0.110,0.443,개정2
2021,제5차 국도-국지도 5개년 계획안 일괄 예비타당성조사 30,0.388,0.306,0.307,0.245,0.750,0.548,개정2
2021,제5차 국도-국지도 5개년 계획안 일괄 예비타당성조사 31,0.350,0.325,0.325,0.260,0.140,0.493,개정2
2021,제5차 국도-국지도 5개년 계획안 일괄 예비타당성조사 32,0.331,0.349,0.320,0.256,0.160,0.527,개정2
2021,제5차 국도-국지도 5개년 계획안 일괄 예비타당성조사 33,0.362,0.325,0.313,0.251,0.320,0.480,개정2
2021,제5차 국도-국지도 5개년 계획안 일괄 예비타당성조사 34,0.356,0.331,0.313,0.251,0.310,0.478,개정2
2021,제5차 국도-국지도 5개년 계획안 일괄 예비타당성조사 35,0.381,0.318,0.301,0.241,0.780,0.528,개정2
2021,제5차 국도-국지도 5개년 계획안 일괄 예비타당성조사 36,0.394,0.306,0.300,0.240,1.000,0.620,개정2
2021,제5차 국도-국지도 5개년 계획안 일괄 예비타당성조사 37,0.344,0.331,0.325,0.260,0.420,0.404,개정2
2021,제5차 국도-국지도 5개년 계획안 일괄 예비타당성조사 38,0.394,0.306,0.300,0.240,0.780,0.492,개정2
2021,제5차 국도-국지도 5개년 계획안 일괄 예비타당성조사 39,0.387,0.312,0.301,0.241,0.780,0.474,개정2
2021,제5차 국도-국지도 5개년 계획안 일괄 예비타당성조사 40,0.350,0.325,0.325,0.260,0.370,0.495,개정2
2021,제5차 국도-국지도 5개년 계획안 일괄 예비타당성조사 41,0.387,0.312,0.300,0.240,0.920,0.543,개정2
2021,제5차 국도-국지도 5개년 계획안 일괄 예비타당성조사 42,0.368,0.324,0.308,0.246,0.720,0.543,개정2
2021,제5차 국도-국지도 5개년 계획안 일괄 예비타당성조사 43,0.356,0.331,0.313,0.251,0.100,0.367,개정2
2021,제5차 국도-국지도 5개년 계획안 일괄 예비타당성조사 44,0.339,0.339,0.322,0.258,0.370,0.421,개정2
2021,제5차 국도-국지도 5개년 계획안 일괄 예비타당성조사 45,0.404,0.293,0.304,0.243,0.720,0.489,개정2
2021,제5차 국도-국지도 5개년 계획안 일괄 예비타당성조사 46,0.354,0.336,0.309,0.247,0.380,0.433,개정2
2021,제5차 국도-국지도 5개년 계획안 일괄 예비타당성조사 47,0.343,0.343,0.314,0.251,0.540,0.507,개정2
2021,제5차 국도-국지도 5개년 계획안 일괄 예비타당성조사 48,0.353,0.336,0.310,0.248,0.370,0.444,개정2
2021,제5차 국도-국지도 5개년 계획안 일괄 예비타당성조사 49,0.351,0.338,0.312,0.249,0.360,0.445,개정2
2021,제5차 국도-국지도 5개년 계획안 일괄 예비타당성조사 50,0.351,0.338,0.312,0.249,0.330,0.451,개정2
2021,제5차 국도-국지도 5개년 계획안 일괄 예비타당성조사 51,0.391,0.304,0.305,0.244,0.830,0.513,개정2
2021,제5차 국도-국지도 5개년 계획안 일괄 예비타당성조사 52,0.339,0.344,0.316,0.253,0.540,0.524,개정2
2021,제5차 국도-국지도 5개년 계획안 일괄 예비타당성조사 53,0.349,0.335,0.316,0.253,0.340,0.472,개정2
2021,제5차 국도-국지도 5개년 계획안 일괄 예비타당성조사 54,0.374,0.295,0.331,0.265,0.250,0.459,개정2
2021,제5차 국도-국지도 5개년 계획안 일괄 예비타당성조사 55,0.381,0.301,0.319,0.255,1.040,0.656,개정2
2021,제5차 국도-국지도 5개년 계획안 일괄 예비타당성조사 56,0.368,0.324,0.308,0.247,0.760,0.504,개정2
2021,제5차 국도-국지도 5개년 계획안 일괄 예비타당성조사 57,0.368,0.313,0.320,0.256,0.700,0.469,개정2
2021,제5차 국도-국지도 5개년 계획안 일괄 예비타당성조사 58,0.387,0.311,0.303,0.242,0.740,0.455,개정2
2021,제5차 국도-국지도 5개년 계획안 일괄 예비타당성조사 59,0.349,0.349,0.302,0.241,0.440,0.436,개정2
2021,제5차 국도-국지도 5개년 계획안 일괄 예비타당성조사 60,0.374,0.324,0.302,0.241,0.910,0.522,개정2
2021,제5차 국도-국지도 5개년 계획안 일괄 예비타당성조사 61,0.393,0.305,0.301,0.241,1.160,0.597,개정2
2021,제5차 국도-국지도 5개년 계획안 일괄 예비타당성조사 62,0.368,0.325,0.307,0.246,1.050,0.549,개정2
2021,제5차 국도-국지도 5개년 계획안 일괄 예비타당성조사 63,0.343,0.326,0.331,0.265,0.890,0.507,개정2
2021,제5차 국도-국지도 5개년 계획안 일괄 예비타당성조사 64,0.356,0.331,0.313,0.251,0.490,0.468,개정2
2021,제5차 국도-국지도 5개년 계획안 일괄 예비타당성조사 65,0.368,0.318,0.314,0.251,0.730,0.496,개정2
2021,제5차 국도-국지도 5개년 계획안 일괄 예비타당성조사 66,0.387,0.312,0.301,0.241,0.550,0.428,개정2
2021,제5차 국도-국지도 5개년 계획안 일괄 예비타당성조사 68,0.355,0.343,0.302,0.241,0.840,0.513,개정2
2021,제5차 국도-국지도 5개년 계획안 일괄 예비타당성조사 70,0.380,0.300,0.320,0.256,0.490,0.428,개정2
2021,제5차 국도-국지도 5개년 계획안 일괄 예비타당성조사 71,0.368,0.312,0.319,0.256,0.820,0.502,개정2
2021,제5차 국도-국지도 5개년 계획안 일괄 예비타당성조사 72,0.374,0.301,0.325,0.260,0.450,0.439,개정2
2021,제5차 국도-국지도 5개년 계획안 일괄 예비타당성조사 73,0.374,0.301,0.325,0.260,0.610,0.498,개정2
2022,항만자동화 테스트베드 구축(광양항),0.450,0.250,0.300,0.240,0.970,0.594,개정2
2022,행복도시~청주국제공항 연결도로,0.360,0.310,0.330,0.324,0.840,0.519,개정2
2022,새만금 환경생태용지 2단계 조성,0.350,0.300,0.350,0.280,0.700,0.545,개정2
2022,수산식품산업 클러스터 조성사업,0.450,0.250,0.300,0.240,1.170,0.605,개정2